name,brewery,location,type_rank,type_,rank,abv,score_orank,score,overall_rank,avg_and_pdev,avg_rating,pdev,reviews,ratings,status,date_added
Steel Reserve 211 (High Gravity),Miller Brewing Co.,"Wisconsin, United States",Malt LiquorRanked #31,Malt Liquor,Ranked #31, 8.1%,"58Ranked #28,815",58,"Ranked #28,815",2.43 | pDev: 37.86%,2.43,37.86%,672,"1,433",Active,"Sep 13, 2001"
Mickey's,Miller Brewing Co.,"Wisconsin, United States",Malt LiquorRanked #24,Malt Liquor,Ranked #24, 5.6%,"61Ranked #28,770",61,"Ranked #28,770",2.56 | pDev: 32.03%,2.56,32.03%,402,"1,420",Active,"Jul 03, 2001"
Olde English 800,Miller Brewing Co.,"Wisconsin, United States",Malt LiquorRanked #46,Malt Liquor,Ranked #46, 5.9%,"53Ranked #28,856",53,"Ranked #28,856",2.14 | pDev: 41.59%,2.14,41.59%,374,"1,168",Active,"Apr 11, 2002"
Colt 45 Malt Liquor,Pabst Brewing Company,"Texas, United States",Malt LiquorRanked #41,Malt Liquor,Ranked #41, 5.61%,"55Ranked #28,845",55,"Ranked #28,845",2.28 | pDev: 35.09%,2.28,35.09%,322,995,Active,"Aug 25, 2001"
Bud Light Lime-A-Rita,Anheuser-Busch,"Missouri, United States",Malt LiquorRanked #47,Malt Liquor,Ranked #47, 8%,"53Ranked #28,857",53,"Ranked #28,857",2.13 | pDev: 37.09%,2.13,37.09%,92,761,Active,"Jul 06, 2012"
Molson XXX,Molson Coors Canada,"Ontario, Canada",Malt LiquorRanked #25,Malt Liquor,Ranked #25, 7.3%,"61Ranked #28,775",61,"Ranked #28,775",2.54 | pDev: 27.56%,2.54,27.56%,255,621,Active,"May 24, 2002"
King Cobra Premium Malt Liquor,Anheuser-Busch,"Missouri, United States",Malt LiquorRanked #48,Malt Liquor,Ranked #48, 6%,"52Ranked #28,858",52,"Ranked #28,858",2.12 | pDev: 40.09%,2.12,40.09%,218,595,Active,"Mar 18, 2002"
Bud Light Lime Straw-Ber-Rita,Anheuser-Busch,"Missouri, United States",Malt LiquorRanked #40,Malt Liquor,Ranked #40, 8%,"56Ranked #28,839",56,"Ranked #28,839",2.29 | pDev: 38.43%,2.29,38.43%,78,480,Active,"Mar 31, 2013"
Hurricane High Gravity,Anheuser-Busch,"Missouri, United States",Malt LiquorRanked #29,Malt Liquor,Ranked #29, 8.1%,"60Ranked #28,793",60,"Ranked #28,793",2.49 | pDev: 36.14%,2.49,36.14%,216,421,Active,"Jul 28, 2005"
Natty Daddy (8%),Anheuser-Busch,"Missouri, United States",Malt LiquorRanked #27,Malt Liquor,Ranked #27, 8%,"60Ranked #28,789",60,"Ranked #28,789",2.5 | pDev: 37.2%,2.5,37.2%,192,420,Active,"Sep 18, 2011"
Desperados,Heineken Nederland B.V.,Netherlands,Malt LiquorRanked #35,Malt Liquor,Ranked #35, 5.9%,"58Ranked #28,826",58,"Ranked #28,826",2.35 | pDev: 34.89%,2.35,34.89%,75,298,Active,"Apr 23, 2004"
Hurricane Malt Liquor,Anheuser-Busch,"Missouri, United States",Malt LiquorRanked #49,Malt Liquor,Ranked #49, 6%,"52Ranked #28,859",52,"Ranked #28,859",2.04 | pDev: 40.69%,2.04,40.69%,92,259,Active,"Aug 01, 2002"
St. Ides High Gravity Malt Liquor,Saint Ides Brewing Company,"Texas, United States",Malt LiquorRanked #42,Malt Liquor,Ranked #42, 8.2%,"56Ranked #28,842",56,"Ranked #28,842",2.23 | pDev: 37.67%,2.23,37.67%,90,220,Active,"Feb 04, 2002"
Schlitz O.M.L. (Malt Liquor),Pabst Brewing Company,"Texas, United States",Malt LiquorRanked #13,Malt Liquor,Ranked #13, 5.9%,"64Ranked #28,688",64,"Ranked #28,688",2.66 | pDev: 31.58%,2.66,31.58%,111,211,Active,"Mar 27, 2002"
Bud Light Lime Mang-o-Rita,Anheuser-Busch,"Missouri, United States",Malt LiquorRanked #28,Malt Liquor,Ranked #28, 8%,"61Ranked #28,774",61,"Ranked #28,774",2.5 | pDev: 32.8%,2.5,32.8%,42,207,Active,"Jan 18, 2014"
Icehouse Edge,Miller Brewing Co.,"Wisconsin, United States",Malt LiquorRanked #30,Malt Liquor,Ranked #30, 8%,"60Ranked #28,795",60,"Ranked #28,795",2.44 | pDev: 32.38%,2.44,32.38%,81,188,Active,"Jul 30, 2012"
Dog Bite High Gravity Lager,Genesee Brewing Co. / Dundee Brewing Co.,"New York, United States",Malt Liquor,Malt Liquor,Na, 8%,56,56,Na,2.23 | pDev: 39.91%,2.23,39.91%,73,146,Active,"Nov 18, 2010"
Haywards 5000 Super Premium Beer,Shaw Wallace & Company Ltd.,India,Malt LiquorRanked #9,Malt Liquor,Ranked #9, 7%,"65Ranked #28,612",65,"Ranked #28,612",2.72 | pDev: 24.26%,2.72,24.26%,70,146,Active,"Nov 30, 2002"
Red Horse Beer: Extra Strong,San Miguel Brewery Inc.,Philippines,Malt LiquorRanked #17,Malt Liquor,Ranked #17, 6.9%,"64Ranked #28,698",64,"Ranked #28,698",2.62 | pDev: 27.1%,2.62,27.1%,87,139,Active,"May 25, 2005"
Schlitz High Gravity,Pabst Brewing Company,"Texas, United States",Malt LiquorRanked #5,Malt Liquor,Ranked #5, 8.5%,"67Ranked #28,523",67,"Ranked #28,523",2.8 | pDev: 31.07%,2.8,31.07%,84,126,Active,"Apr 24, 2008"
Labatt Max Ice,Labatt Brewing Company Ltd.,"Ontario, Canada",Malt LiquorRanked #26,Malt Liquor,Ranked #26, 8%,"62Ranked #28,745",62,"Ranked #28,745",2.51 | pDev: 29.88%,2.51,29.88%,61,110,Active,"Nov 13, 2002"
Country Club Malt Liquor,Pabst Brewing Company,"Texas, United States",Malt Liquor,Malt Liquor,Na, 5.86%,60,60,Na,2.41 | pDev: 34.02%,2.41,34.02%,46,105,Active,"Apr 03, 2003"
Bud Light Lime Cran-Brrr-Rita,Anheuser-Busch,"Missouri, United States",Malt LiquorRanked #32,Malt Liquor,Ranked #32, 8%,"60Ranked #28,792",60,"Ranked #28,792",2.39 | pDev: 31.38%,2.39,31.38%,25,103,Active,"Nov 09, 2013"
Old Monk 10000,Mohan Breweries & Distilleries Ltd,India,Malt LiquorRanked #22,Malt Liquor,Ranked #22, 8%,"63Ranked #28,704",63,"Ranked #28,704",2.57 | pDev: 31.91%,2.57,31.91%,51,93,Active,"May 29, 2006"
Colt 45 High Gravity Lager,Pabst Brewing Company,"Texas, United States",Malt LiquorRanked #8,Malt Liquor,Ranked #8, 8.5%,"67Ranked #28,545",67,"Ranked #28,545",2.75 | pDev: 30.55%,2.75,30.55%,47,90,Active,"Sep 27, 2009"
Crazy Stallion,"City Brewing Company, LLC","Wisconsin, United States",Malt LiquorRanked #23,Malt Liquor,Ranked #23, 5.9%,"64Ranked #28,692",64,"Ranked #28,692",2.57 | pDev: 29.57%,2.57,29.57%,54,84,Active,"Nov 14, 2002"
Camo Black Ice,Camo Brewing Company,"Nevada, United States",Malt Liquor,Malt Liquor,Na, 10.5%,53,53,Na,1.94 | pDev: 47.94%,1.94,47.94%,48,81,Active,"Dec 29, 2006"
Schlitz Bull Ice I.M.L.,Pabst Brewing Company,"Texas, United States",Malt LiquorRanked #37,Malt Liquor,Ranked #37, 8.2%,"59Ranked #28,802",59,"Ranked #28,802",2.3 | pDev: 43.48%,2.3,43.48%,55,77,Active,"Jul 27, 2002"
Colt 45 Double Malt Liquor,Pabst Brewing Company,"Texas, United States",Malt LiquorRanked #15,Malt Liquor,Ranked #15, 5.61%,"66Ranked #28,605",66,"Ranked #28,605",2.66 | pDev: 31.58%,2.66,31.58%,25,75,Active,"Jul 31, 2002"
Earthquake High Gravity Lager (10%),"City Brewing Company, LLC","Wisconsin, United States",Malt LiquorRanked #19,Malt Liquor,Ranked #19, 10%,"65Ranked #28,640",65,"Ranked #28,640",2.62 | pDev: 35.5%,2.62,35.5%,50,74,Active,"Sep 19, 2015"
Camo Silver Ice,Camo Brewing Company,"Nevada, United States",Malt LiquorRanked #44,Malt Liquor,Ranked #44, 10.6%,"57Ranked #28,829",57,"Ranked #28,829",2.18 | pDev: 45.41%,2.18,45.41%,50,73,Active,"May 21, 2003"
Bud Light Lime Lemon-Ade-Rita,Anheuser-Busch,"Missouri, United States",Malt LiquorRanked #7,Malt Liquor,Ranked #7, 8%,"68Ranked #28,475",68,"Ranked #28,475",2.77 | pDev: 22.74%,2.77,22.74%,23,70,Active,"Feb 23, 2015"
Bud Light Lime Apple-Ahhh-Rita,Anheuser-Busch,"Missouri, United States",Malt LiquorRanked #21,Malt Liquor,Ranked #21, 8%,"64Ranked #28,662",64,"Ranked #28,662",2.58 | pDev: 32.17%,2.58,32.17%,17,69,Active,"Jul 31, 2014"
Evil Eye,Melanie Brewing Company,"Wisconsin, United States",Malt Liquor,Malt Liquor,Na, 10%,47,47,Na,1.56 | pDev: 33.97%,1.56,33.97%,52,68,Active,"Nov 10, 2004"
Camo High Gravity Lager,Camo Brewing Company,"Nevada, United States",Malt Liquor,Malt Liquor,Na, 8.5%,52,52,Na,1.88 | pDev: 47.87%,1.88,47.87%,34,67,Active,"Apr 20, 2002"
Stack 101 High Gravity Smooth Lager,United Brands Company,"California, United States",Malt LiquorRanked #43,Malt Liquor,Ranked #43, 9.9%,"58Ranked #28,819",58,"Ranked #28,819",2.2 | pDev: 44.09%,2.2,44.09%,46,66,Active,"Dec 10, 2009"
Molson Brador,Molson Coors Canada,"Ontario, Canada",Malt Liquor,Malt Liquor,Na, 6%,70,70,Na,2.92 | pDev: 23.63%,2.92,23.63%,20,65,Active,"Apr 15, 2002"
Schlitz Red Bull X. L. Xtra Long Malt Liquor,Pabst Brewing Company,"Texas, United States",Malt LiquorRanked #16,Malt Liquor,Ranked #16, 5.9%,"66Ranked #28,556",66,"Ranked #28,556",2.65 | pDev: 38.49%,2.65,38.49%,32,53,Active,"Jun 22, 2002"
Colt 45 Strong Beer,Pabst Brewing Company,"Texas, United States",Malt Liquor,Malt Liquor,Na, 8%,54,54,Na,1.91 | pDev: 40.31%,1.91,40.31%,5,50,Active,"Apr 06, 2014"
Axe Head Malt Liquor,Minhas Craft Brewery,"Wisconsin, United States",Malt Liquor,Malt Liquor,Na, 11%,58,58,Na,2.14 | pDev: 48.13%,2.14,48.13%,34,47,Active,"Oct 10, 2008"
Clear Creek Ice,Minhas Craft Brewery,"Wisconsin, United States",Malt Liquor,Malt Liquor,Na, 6.2%,60,60,Na,2.19 | pDev: 34.7%,2.19,34.7%,23,39,Active,"Nov 04, 2008"
Bud Light Lime Water-Melon-Rita,Anheuser-Busch,"Missouri, United States",Malt LiquorRanked #18,Malt Liquor,Ranked #18, 8%,"68Ranked #28,484",68,"Ranked #28,484",2.64 | pDev: 26.52%,2.64,26.52%,15,37,Active,"Feb 27, 2016"
Camo Black Extra,Camo Brewing Company,"Nevada, United States",Malt LiquorRanked #36,Malt Liquor,Ranked #36, 12.2%,"62Ranked #28,741",62,"Ranked #28,741",2.28 | pDev: 55.26%,2.28,55.26%,21,36,Active,"Apr 30, 2010"
Bush Crack,Bahamian Brewery Beverage & Co. Ltd.,Bahamas,Malt LiquorRanked #6,Malt Liquor,Ranked #6, 5.9%,"71Ranked #28,215",71,"Ranked #28,215",2.85 | pDev: 23.51%,2.85,23.51%,6,33,Active,"Mar 24, 2013"
Frio 6.0,"City Brewing Company, LLC","Wisconsin, United States",Malt LiquorRanked #3,Malt Liquor,Ranked #3, 6%,"74Ranked #27,947",74,"Ranked #27,947",3 | pDev: 38.67%,3,38.67%,22,31,Active,"Mar 16, 2016"
Ionizer Lager,Lightning Brewery,"California, United States",Malt Liquor,Malt Liquor,Na, 8.3%,80,80,Na,3.42 | pDev: 13.45%,3.42,13.45%,16,27,Active,"Jul 09, 2008"
Four O Street Legal Malt Liquor,Copper Mountain Beverage Company,"Wisconsin, United States",Malt LiquorRanked #50,Malt Liquor,Ranked #50, 10%,"58Ranked #28,816",58,"Ranked #28,816",1.87 | pDev: 29.95%,1.87,29.95%,22,26,Active,"Jun 28, 2009"
Bud Light Lime Peach-A-Rita,Anheuser-Busch,"Missouri, United States",Malt LiquorRanked #33,Malt Liquor,Ranked #33, 8%,"65Ranked #28,648",65,"Ranked #28,648",2.32 | pDev: 32.33%,2.32,32.33%,11,26,Active,"Mar 05, 2017"
Bud Light Lime Grape-Ahh-Rita,Anheuser-Busch,"Missouri, United States",Malt LiquorRanked #14,Malt Liquor,Ranked #14, 8%,"70Ranked #28,303",70,"Ranked #28,303",2.71 | pDev: 31%,2.71,31%,11,26,Active,"May 29, 2016"
Champale Golden,Pabst Brewing Company,"Texas, United States",Malt LiquorRanked #45,Malt Liquor,Ranked #45, 5.4%,"61Ranked #28,779",61,"Ranked #28,779",2.02 | pDev: 43.07%,2.02,43.07%,11,25,Active,"Aug 06, 2007"
Pit Bull,"City Brewing Company, LLC","Wisconsin, United States",Malt Liquor,Malt Liquor,Na, 10.2%,52,52,Na,1.41 | pDev: 36.88%,1.41,36.88%,18,25,Active,"Sep 10, 2006"
Budweiser Shot,Anheuser-Busch,"Missouri, United States",Malt LiquorRanked #34,Malt Liquor,Ranked #34, 7%,"65Ranked #28,635",65,"Ranked #28,635",2.31 | pDev: 29%,2.31,29%,7,24,Active,"Jul 10, 2012"
Silver Thunder,Pabst Brewing Company,"Texas, United States",Malt Liquor,Malt Liquor,Na, 5.8%,65,65,Na,2.29 | pDev: 41.48%,2.29,41.48%,10,24,Active,"Sep 02, 2002"
Pro Pig Brass Monkey,Prohibition Pig,"Vermont, United States",Malt Liquor,Malt Liquor,Na, 6.5%,86,86,Na,3.79 | pDev: 10.29%,3.79,10.29%,4,24,Active,"Jul 14, 2014"
PHD Malt Liquor,Greenbush Brewing Company,"Michigan, United States",Malt Liquor,Malt Liquor,Na, 8.8%,84,84,Na,3.62 | pDev: 15.47%,3.62,15.47%,3,23,Active,"Jun 13, 2012"
Bud Light Lime Lime-A-Rita Splash,Anheuser-Busch,"Missouri, United States",Malt LiquorRanked #10,Malt Liquor,Ranked #10, 4%,"72Ranked #28,147",72,"Ranked #28,147",2.78 | pDev: 19.78%,2.78,19.78%,7,22,Active,"Feb 27, 2016"
Jaguar High Gravity Lager,Melanie Brewing Company,"Wisconsin, United States",Malt LiquorRanked #52,Malt Liquor,Ranked #52, 8.3%,"56Ranked #28,840",56,"Ranked #28,840",1.6 | pDev: 28.75%,1.6,28.75%,17,22,Active,"May 05, 2007"
E40,"City Brewing Company, LLC","Wisconsin, United States",Malt Liquor,Malt Liquor,Na, 10%,80,80,Na,3.32 | pDev: 28.01%,3.32,28.01%,9,21,Active,"Jan 23, 2016"
Bud Light Lime Cherry-Ahh-Rita,Anheuser-Busch,"Missouri, United States",Malt LiquorRanked #11,Malt Liquor,Ranked #11, 8%,"72Ranked #28,123",72,"Ranked #28,123",2.78 | pDev: 25.54%,2.78,25.54%,7,21,Active,"Jun 24, 2016"
Yeti Special Export,"Yuksom Breweries, Ltd.",India,Malt Liquor,Malt Liquor,Na, 7%,67,67,Na,2.38 | pDev: 18.49%,2.38,18.49%,18,20,Active,"May 14, 2003"
Earthquake High Gravity Lager (8.1%),"City Brewing Company, LLC","Wisconsin, United States",Malt Liquor,Malt Liquor,Na, 8.1%,68,68,Na,2.44 | pDev: 36.07%,2.44,36.07%,11,19,Active,"Jan 24, 2012"
Perla Malt Liquor,Perla Browary Lubelskie S.A.,Poland,Malt Liquor,Malt Liquor,Na, 7.6%,77,77,Na,3.07 | pDev: 18.57%,3.07,18.57%,12,19,Active,"Dec 15, 2009"
Camo 900 High Gravity Lager,Camo Brewing Company,"Nevada, United States",Malt LiquorRanked #51,Malt Liquor,Ranked #51, 10.5%,"59Ranked #28,805",59,"Ranked #28,805",1.69 | pDev: 31.95%,1.69,31.95%,12,18,Active,"Jun 04, 2005"
Tap And Die Malt Liquor,The People's Pint,"Massachusetts, United States",Malt Liquor,Malt Liquor,Na, 7.5%,83,83,Na,3.53 | pDev: 10.2%,3.53,10.2%,15,18,Active,"Jun 26, 2008"
Natty Rush Hurricane Punch,Anheuser-Busch,"Missouri, United States",Malt LiquorRanked #12,Malt Liquor,Ranked #12, 8%,"73Ranked #28,055",73,"Ranked #28,055",2.78 | pDev: 21.22%,2.78,21.22%,10,18,Active,"Nov 06, 2017"
Side Pocket High Gravity Ale,"City Brewing Company, LLC","Wisconsin, United States",Malt Liquor,Malt Liquor,Na, 8.5%,63,63,Na,2 | pDev: 35%,2,35%,9,18,Active,"Aug 17, 2009"
Bud Light Lime Straw-Ber-Rita Splash,Anheuser-Busch,"Missouri, United States",Malt LiquorRanked #20,Malt Liquor,Ranked #20, 4%,"72Ranked #28,164",72,"Ranked #28,164",2.66 | pDev: 30.45%,2.66,30.45%,8,17,Active,"Feb 27, 2016"
Natty Rush Watermelon Smash,Anheuser-Busch,"Missouri, United States",Malt Liquor,Malt Liquor,Na, 8%,73,73,Na,2.75 | pDev: 34.18%,2.75,34.18%,10,17,Active,"Nov 06, 2017"
Evil Eye Ice,Melanie Brewing Company,"Wisconsin, United States",Malt Liquor,Malt Liquor,Na, 10%,72,72,Na,2.65 | pDev: 23.4%,2.65,23.4%,11,16,Active,"Jun 25, 2007"
Cass Red,"Oriental Brewery Co., Ltd",Korea (South),Malt Liquor,Malt Liquor,Na, 6.9%,66,66,Na,2.09 | pDev: 32.06%,2.09,32.06%,5,15,Active,"Feb 13, 2008"
Carling Black Label Extra Old Stock,Molson Coors Canada,"Ontario, Canada",Malt Liquor,Malt Liquor,Na, 5.65%,76,76,Na,2.91 | pDev: 30.58%,2.91,30.58%,8,15,Active,"Oct 05, 2005"
Natty Rush Blue Frostbite,Anheuser-Busch,"Missouri, United States",Malt Liquor,Malt Liquor,Na, 8%,77,77,Na,3 | pDev: 25.67%,3,25.67%,7,15,Active,"Nov 06, 2017"
Red Fang,Wayfinder Beer,"Oregon, United States",Malt LiquorRanked #1,Malt Liquor,Ranked #1, 6.5%,"85Ranked #21,909",85,"Ranked #21,909",3.66 | pDev: 4.92%,3.66,4.92%,8,14,Active,"Jun 13, 2021"
Lucky Number High Gravity Lager,"City Brewing Company, LLC","Wisconsin, United States",Malt LiquorRanked #38,Malt Liquor,Ranked #38, 8.2%,"67Ranked #28,506",67,"Ranked #28,506",2.18 | pDev: 49.54%,2.18,49.54%,11,14,Active,"Jan 20, 2004"
Black,Genesee Brewing Co. / Dundee Brewing Co.,"New York, United States",Malt LiquorRanked #4,Malt Liquor,Ranked #4, 8%,"79Ranked #27,046",79,"Ranked #27,046",3.14 | pDev: 23.89%,3.14,23.89%,11,14,Active,"May 24, 2018"
Titanium,Triple Rock Brewery & Alehouse,"California, United States",Malt Liquor,Malt Liquor,Na, 7.4%,83,83,Na,3.51 | pDev: 12.25%,3.51,12.25%,4,14,Active,"Jun 15, 2002"
Bud Light Lime Coco-Nut-Rita,Anheuser-Busch,"Missouri, United States",Malt LiquorRanked #2,Malt Liquor,Ranked #2, 8%,"80Ranked #26,562",80,"Ranked #26,562",3.23 | pDev: 26.93%,3.23,26.93%,7,13,Active,"Feb 11, 2018"
Marmara Kirrmizi Bira,Anadolu Efes Brewery,Turkey,Malt Liquor,Malt Liquor,Na, 6.1%,71,71,Na,2.46 | pDev: 21.54%,2.46,21.54%,6,13,Active,"Mar 02, 2009"
Colt 444,Sun King Brewing Company,"Indiana, United States",Malt Liquor,Malt Liquor,Na, 6%,84,84,Na,3.6 | pDev: 17.78%,3.6,17.78%,4,12,Active,"Nov 04, 2011"
Labatt Max Black Cherry,Labatt Brewing Company Ltd.,"Ontario, Canada",Malt Liquor,Malt Liquor,Na, 8%,71,71,Na,2.35 | pDev: 35.74%,2.35,35.74%,7,11,Active,"Mar 13, 2016"
Mamba,Solibra,Cote D'Ivoire (Ivory Coast),Malt Liquor,Malt Liquor,Na,Not listed,77,77,Na,2.89 | pDev: 22.84%,2.89,22.84%,2,11,Active,"Nov 19, 2011"
M-X,Melanie Brewing Company,"Wisconsin, United States",Malt Liquor,Malt Liquor,Na, 8.2%,70,70,Na,2.18 | pDev: 27.52%,2.18,27.52%,9,10,Active,"May 12, 2002"
Nighthawk Premium Malt Liquor,Melanie Brewing Company,"Wisconsin, United States",Malt Liquor,Malt Liquor,Na,Not listed,72,72,Na,2.32 | pDev: 27.59%,2.32,27.59%,8,10,Active,"Oct 15, 2005"
Laughing Clown,Odd Side Ales,"Michigan, United States",Malt Liquor,Malt Liquor,Na, 7%,84,84,Na,3.53 | pDev: 12.18%,3.53,12.18%,5,10,Active,"Nov 19, 2016"
Labatt Bleue Dry 10.1%,Labatt Brewing Company Ltd.,"Ontario, Canada",Malt LiquorRanked #39,Malt Liquor,Ranked #39, 10.1%,"70Ranked #28,352",70,"Ranked #28,352",2.12 | pDev: 50%,2.12,50%,4,10,Active,"May 25, 2013"
Hurricane Ice,Anheuser-Busch,"Missouri, United States",Malt Liquor,Malt Liquor,Na, 7.5%,Needs more ratings,Na,Na,1.84 | pDev: 29.89%,1.84,29.89%,4,9,Active,"Dec 06, 2003"
Side Pocket High Gravity Malt Liquor,"City Brewing Company, LLC","Wisconsin, United States",Malt Liquor,Malt Liquor,Na, 10.5%,Needs more ratings,Na,Na,2.75 | pDev: 29.82%,2.75,29.82%,6,9,Active,"Sep 24, 2012"
Magnolia Malt Liquor,Martin House Brewing Company,"Texas, United States",Malt Liquor,Malt Liquor,Na, 8.7%,Needs more ratings,Na,Na,3.78 | pDev: 12.17%,3.78,12.17%,3,9,Active,"Jun 17, 2018"
Sol Brava,"Cervecería Cuauhtémoc Moctezuma, S.A. de C.V.",Mexico,Malt Liquor,Malt Liquor,Na, 6%,Needs more ratings,Na,Na,3.55 | pDev: 9.58%,3.55,9.58%,5,9,Active,"Oct 07, 2005"
Goldstar SlowBrew,Tempo Beer Industries LTD,Israel,Malt Liquor,Malt Liquor,Na, 10%,Needs more ratings,Na,Na,3.26 | pDev: 27.91%,3.26,27.91%,2,9,Active,"Mar 28, 2017"
Colt 45 Pile Driver,Pabst Brewing Company,"Texas, United States",Malt Liquor,Malt Liquor,Na, 5.9%,Needs more ratings,Na,Na,2.68 | pDev: 30.6%,2.68,30.6%,6,9,Active,"Jul 14, 2017"
Bud Light Lime Passion-Fruit-Rita,Anheuser-Busch,"Missouri, United States",Malt Liquor,Malt Liquor,Na, 8%,Needs more ratings,Na,Na,2.54 | pDev: 25.59%,2.54,25.59%,4,8,Active,"Feb 23, 2019"
El Camino,Real Ale Brewing Company,"Texas, United States",Malt Liquor,Malt Liquor,Na, 7%,Needs more ratings,Na,Na,3.35 | pDev: 13.13%,3.35,13.13%,5,8,Active,"Jul 14, 2020"
Bud Light Lime Berry-A-Rita,Anheuser-Busch,"Missouri, United States",Malt Liquor,Malt Liquor,Na, 8%,Needs more ratings,Na,Na,2.43 | pDev: 22.63%,2.43,22.63%,4,8,Active,"Oct 17, 2018"
Bud Light Lime Pine-Apple-Rita Splash,Anheuser-Busch,"Missouri, United States",Malt Liquor,Malt Liquor,Na, 4%,Needs more ratings,Na,Na,3.1 | pDev: 36.45%,3.1,36.45%,3,8,Active,"Mar 05, 2017"
Crazy Cowboy,"City Brewing Company, LLC","Wisconsin, United States",Malt Liquor,Malt Liquor,Na, 5.6%,Needs more ratings,Na,Na,2.7 | pDev: 23.7%,2.7,23.7%,3,8,Active,"Mar 15, 2018"
Carling Black Label Big 10%,Molson Coors Canada,"Ontario, Canada",Malt Liquor,Malt Liquor,Na, 10.1%,Needs more ratings,Na,Na,2.79 | pDev: 58.06%,2.79,58.06%,4,8,Active,"Aug 01, 2005"
Carling Black Label Suprême 8.0%,Molson Coors Canada,"Ontario, Canada",Malt Liquor,Malt Liquor,Na, 8%,Needs more ratings,Na,Na,2.89 | pDev: 48.1%,2.89,48.1%,6,7,Active,"Jul 19, 2005"
Jaguar Ice,Melanie Brewing Company,"Wisconsin, United States",Malt Liquor,Malt Liquor,Na, 6%,Needs more ratings,Na,Na,1.41 | pDev: 22.7%,1.41,22.7%,5,7,Active,"Jun 09, 2006"
Bud Light Lime Orange-A-Rita,Anheuser-Busch,"Missouri, United States",Malt Liquor,Malt Liquor,Na, 8%,Needs more ratings,Na,Na,2.61 | pDev: 15.71%,2.61,15.71%,3,7,Active,"Mar 06, 2017"
Edmund Fitzgerald,Great Lakes Brewing Co.,"Ohio, United States",American PorterRanked #8,American Porter,Ranked #8, 6%,"94Ranked #2,109",94,"Ranked #2,109",4.24 | pDev: 9.91%,4.24,9.91%,"2,157","6,935",Active,"May 09, 2001"
Black Butte Porter,Deschutes Brewery,"Oregon, United States",American PorterRanked #15,American Porter,Ranked #15, 5.5%,"93Ranked #3,691",93,"Ranked #3,691",4.17 | pDev: 10.55%,4.17,10.55%,"1,721","6,684",Active,"Aug 24, 2001"
Vanilla Porter,Breckenridge Brewery,"Colorado, United States",American PorterRanked #406,American Porter,Ranked #406, 5.4%,"83Ranked #24,529",83,"Ranked #24,529",3.66 | pDev: 15.03%,3.66,15.03%,"1,208","4,636",Active,"Jan 13, 2006"
Anchor Porter,Anchor Brewing Company,"California, United States",American PorterRanked #38,American Porter,Ranked #38, 5.6%,"91Ranked #6,587",91,"Ranked #6,587",4.09 | pDev: 11.25%,4.09,11.25%,"1,622","3,897",Active,"Mar 01, 2001"
Porter,Sierra Nevada Brewing Co.,"California, United States",American PorterRanked #189,American Porter,Ranked #189, 5.6%,"87Ranked #16,324",87,"Ranked #16,324",3.89 | pDev: 10.54%,3.89,10.54%,"1,479","3,751",Active,"Feb 09, 1999"
Mocha Porter,Rogue Ales,"Oregon, United States",American PorterRanked #229,American Porter,Ranked #229, 5.6%,"87Ranked #17,696",87,"Ranked #17,696",3.86 | pDev: 11.66%,3.86,11.66%,"1,381","2,946",Active,"Feb 16, 2001"
Everett,Hill Farmstead Brewery,"Vermont, United States",American PorterRanked #1,American Porter,Ranked #1, 7.5%,99Ranked #202,99,Ranked #202,4.49 | pDev: 7.35%,4.49,7.35%,437,"2,864",Active,"Aug 16, 2010"
Sweet Baby Jesus!,DuClaw Brewing Company,"Maryland, United States",American PorterRanked #289,American Porter,Ranked #289, 6.2%,"86Ranked #19,886",86,"Ranked #19,886",3.81 | pDev: 14.96%,3.81,14.96%,495,"2,855",Active,"Dec 23, 2012"
Black & Tan,Yuengling Brewery,"Pennsylvania, United States",American PorterRanked #433,American Porter,Ranked #433, 4.7%,"75Ranked #27,868",75,"Ranked #27,868",3.25 | pDev: 17.85%,3.25,17.85%,761,"2,616",Active,"Nov 07, 2001"
Coconut Hiwa Porter,Maui Brewing Co.,"Hawaii, United States",American PorterRanked #138,American Porter,Ranked #138, 6%,"88Ranked #13,652",88,"Ranked #13,652",3.94 | pDev: 10.66%,3.94,10.66%,970,"2,503",Active,"Mar 12, 2007"
Alpha Klaus Christmas (Xmas) Porter,3 Floyds Brewing Co.,"Indiana, United States",American PorterRanked #32,American Porter,Ranked #32, 6%,"92Ranked #5,763",92,"Ranked #5,763",4.11 | pDev: 9.98%,4.11,9.98%,844,"2,481",Active,"Dec 06, 2002"
Maple Bacon Coffee Porter,Funky Buddha Brewery,"Florida, United States",American PorterRanked #2,American Porter,Ranked #2, 6.4%,99Ranked #274,99,Ranked #274,4.46 | pDev: 8.07%,4.46,8.07%,345,"2,229",Active,"Oct 20, 2010"
Last Snow,Funky Buddha Brewery,"Florida, United States",American PorterRanked #3,American Porter,Ranked #3, 6.4%,99Ranked #275,99,Ranked #275,4.46 | pDev: 8.07%,4.46,8.07%,315,"2,166",Active,"Nov 18, 2011"
Shake Chocolate Porter,Boulder Beer / Wilderness Pub,"Colorado, United States",American PorterRanked #72,American Porter,Ranked #72, 5.9%,"90Ranked #10,252",90,"Ranked #10,252",4.01 | pDev: 11.22%,4.01,11.22%,314,"2,038",Active,"Oct 12, 2013"
Pipeline Porter,Kona Brewing Co.,"Hawaii, United States",American PorterRanked #302,American Porter,Ranked #302, 5.3%,"86Ranked #20,325",86,"Ranked #20,325",3.8 | pDev: 11.84%,3.8,11.84%,765,"1,994",Active,"Oct 11, 2006"
Snowdrift Vanilla Porter,Jacob Leinenkugel Brewing Company,"Wisconsin, United States",American PorterRanked #426,American Porter,Ranked #426, 6%,"78Ranked #27,168",78,"Ranked #27,168",3.43 | pDev: 17.2%,3.43,17.2%,320,"1,982",Active,"Nov 03, 2012"
Vanilla Java Porter (VJP),Atwater Brewery,"Michigan, United States",American PorterRanked #423,American Porter,Ranked #423, 5%,"79Ranked #26,922",79,"Ranked #26,922",3.47 | pDev: 18.73%,3.47,18.73%,566,"1,870",Active,"Oct 21, 2006"
Liquid Bliss,Terrapin Beer Company,"Georgia, United States",American PorterRanked #277,American Porter,Ranked #277, 6.1%,"86Ranked #19,504",86,"Ranked #19,504",3.82 | pDev: 11.78%,3.82,11.78%,236,"1,559",Active,"Nov 13, 2012"
Oatmeal Porter,Highland Brewing,"North Carolina, United States",American PorterRanked #214,American Porter,Ranked #214, 5.8%,"87Ranked #17,223",87,"Ranked #17,223",3.87 | pDev: 11.37%,3.87,11.37%,596,"1,435",Active,"Sep 17, 2002"
Mississippi Mud Black & Tan,Mississippi Brewing Co.,"New York, United States",American PorterRanked #434,American Porter,Ranked #434, 5%,"73Ranked #28,033",73,"Ranked #28,033",3.18 | pDev: 20.13%,3.18,20.13%,476,"1,292",Active,"Oct 15, 2001"
Dead Reckoning Porter,Tröegs Brewing Company,"Pennsylvania, United States",American PorterRanked #301,American Porter,Ranked #301, 5.8%,"86Ranked #20,309",86,"Ranked #20,309",3.8 | pDev: 12.11%,3.8,12.11%,540,"1,224",Active,"Aug 17, 2003"
Twilight Of The Idols,Hill Farmstead Brewery,"Vermont, United States",American PorterRanked #5,American Porter,Ranked #5, 7.5%,96Ranked #965,96,Ranked #965,4.33 | pDev: 8.31%,4.33,8.31%,203,"1,157",Active,"Oct 28, 2010"
Coffeehouse Porter,Berkshire Brewing Company,"Massachusetts, United States",American PorterRanked #46,American Porter,Ranked #46, 6.2%,"91Ranked #7,519",91,"Ranked #7,519",4.07 | pDev: 9.58%,4.07,9.58%,496,"1,123",Active,"May 03, 2002"
Dark Brewed Porter,Yuengling Brewery,"Pennsylvania, United States",American PorterRanked #427,American Porter,Ranked #427, 4.7%,"77Ranked #27,364",77,"Ranked #27,364",3.39 | pDev: 16.22%,3.39,16.22%,440,"1,120",Active,"Dec 03, 2001"
Black Marlin,Ballast Point Brewing Company,"California, United States",American Porter,American Porter,Na, 6%,89,89,Na,3.96 | pDev: 9.85%,3.96,9.85%,345,"1,059",Active,"Aug 26, 2002"
Road Dog,Flying Dog Brewery,"Maryland, United States",American Porter,American Porter,Na, 6%,80,80,Na,3.52 | pDev: 13.07%,3.52,13.07%,768,"1,051",Active,"Oct 30, 2001"
New World Porter,Avery Brewing Company,"Colorado, United States",American Porter,American Porter,Na, 6.7%,87,87,Na,3.85 | pDev: 11.69%,3.85,11.69%,501,"1,035",Active,"Aug 28, 2002"
Porter,Southern Tier Brewing Company,"New York, United States",American PorterRanked #396,American Porter,Ranked #396, 5.5%,"83Ranked #24,040",83,"Ranked #24,040",3.68 | pDev: 11.68%,3.68,11.68%,445,"1,013",Active,"Jun 16, 2003"
Old Leghumper,Thirsty Dog Brewing Company,"Ohio, United States",American PorterRanked #300,American Porter,Ranked #300, 5.8%,"86Ranked #20,304",86,"Ranked #20,304",3.8 | pDev: 11.32%,3.8,11.32%,417,965,Active,"Nov 08, 2001"
Mudpuppy,Central Waters Brewing Co.,"Wisconsin, United States",American PorterRanked #239,American Porter,Ranked #239, 5.8%,"87Ranked #18,118",87,"Ranked #18,118",3.85 | pDev: 11.43%,3.85,11.43%,267,910,Active,"Mar 22, 2002"
Saranac Caramel Porter,Matt Brewing Company / Saranac Brewery,"New York, United States",American PorterRanked #435,American Porter,Ranked #435, 5.4%,"73Ranked #28,053",73,"Ranked #28,053",3.17 | pDev: 21.77%,3.17,21.77%,472,845,Active,"Jul 05, 2001"
Hotbox Coffee Porter,Oskar Blues Grill & Brew,"Colorado, United States",American Porter,American Porter,Na, 6.5%,88,88,Na,3.94 | pDev: 6.6%,3.94,6.6%,228,844,Active,"Oct 25, 2015"
(512) Pecan Porter,(512) Brewing Company,"Texas, United States",American PorterRanked #29,American Porter,Ranked #29, 6.2%,"92Ranked #5,079",92,"Ranked #5,079",4.13 | pDev: 10.9%,4.13,10.9%,152,837,Active,"Oct 29, 2008"
Otter Creek Stovepipe Porter,Otter Creek Brewing,"Vermont, United States",American PorterRanked #276,American Porter,Ranked #276, 4.5%,"86Ranked #19,457",86,"Ranked #19,457",3.82 | pDev: 12.83%,3.82,12.83%,503,804,Active,"Mar 17, 2001"
Saranac Black & Tan,Matt Brewing Company / Saranac Brewery,"New York, United States",American PorterRanked #422,American Porter,Ranked #422, 5.4%,"79Ranked #26,893",79,"Ranked #26,893",3.47 | pDev: 12.97%,3.47,12.97%,502,776,Active,"Jul 05, 2001"
Pot & Kettle,Trillium Brewing Company,"Massachusetts, United States",American PorterRanked #13,American Porter,Ranked #13, 7.5%,"93Ranked #3,021",93,"Ranked #3,021",4.2 | pDev: 8.33%,4.2,8.33%,109,774,Active,"Jan 12, 2013"
Great Northern,Summit Brewing Company,"Minnesota, United States",American PorterRanked #275,American Porter,Ranked #275, 5.6%,"86Ranked #19,447",86,"Ranked #19,447",3.82 | pDev: 10.99%,3.82,10.99%,317,670,Active,"Mar 04, 2002"
Wasatch Polygamy Porter,Utah Brewers Cooperative,,American PorterRanked #431,American Porter,Ranked #431, 4%,"76Ranked #27,615",76,"Ranked #27,615",3.33 | pDev: 15.62%,3.33,15.62%,249,638,Active,"Oct 11, 2001"
Porter,The Duck-Rabbit Craft Brewery,"North Carolina, United States",American PorterRanked #358,American Porter,Ranked #358, 5.7%,"84Ranked #22,377",84,"Ranked #22,377",3.74 | pDev: 12.03%,3.74,12.03%,354,637,Active,"Sep 05, 2004"
Nib Smuggler,Funky Buddha Brewery,"Florida, United States",American Porter,American Porter,Na, 6.3%,92,92,Na,4.14 | pDev: 8.21%,4.14,8.21%,109,630,Active,"May 06, 2011"
Coffee Porter,Real Ale Brewing Company,"Texas, United States",American PorterRanked #205,American Porter,Ranked #205, 6.6%,"87Ranked #16,724",87,"Ranked #16,724",3.88 | pDev: 11.86%,3.88,11.86%,228,616,Active,"Dec 07, 2003"
Thunderstruck Coffee Porter,Highland Brewing,"North Carolina, United States",American PorterRanked #161,American Porter,Ranked #161, 5.9%,"88Ranked #14,741",88,"Ranked #14,741",3.92 | pDev: 10.46%,3.92,10.46%,135,602,Active,"Nov 10, 2011"
Penn Quarter Porter,DC Brau Brewing Co.,"District of Columbia, United States",American PorterRanked #228,American Porter,Ranked #228, 5.5%,"87Ranked #17,653",87,"Ranked #17,653",3.86 | pDev: 11.14%,3.86,11.14%,123,582,Active,"May 12, 2011"
Porter,Port City Brewing,"Virginia, United States",American PorterRanked #65,American Porter,Ranked #65, 7.5%,"90Ranked #9,360",90,"Ranked #9,360",4.03 | pDev: 9.93%,4.03,9.93%,169,571,Active,"Feb 12, 2011"
Coco Loco,NoDa Brewing Company,"North Carolina, United States",American PorterRanked #93,American Porter,Ranked #93, 6.2%,"89Ranked #11,748",89,"Ranked #11,748",3.98 | pDev: 9.05%,3.98,9.05%,74,550,Active,"Oct 29, 2011"
Awake,Night Shift Brewing,"Massachusetts, United States",American PorterRanked #26,American Porter,Ranked #26, 6%,"92Ranked #4,799",92,"Ranked #4,799",4.14 | pDev: 6.76%,4.14,6.76%,114,536,Active,"Sep 18, 2015"
Purple Monkey Dishwasher,Evil Genius Beer Company,"Pennsylvania, United States",American PorterRanked #331,American Porter,Ranked #331, 6.7%,"85Ranked #21,390",85,"Ranked #21,390",3.77 | pDev: 13%,3.77,13%,97,503,Active,"Mar 27, 2014"
Chocolate Peanut Butter Porter,Horny Goat Brewing Co.,"Indiana, United States",American PorterRanked #353,American Porter,Ranked #353, 6.5%,"85Ranked #22,061",85,"Ranked #22,061",3.75 | pDev: 16.8%,3.75,16.8%,110,489,Active,"May 28, 2014"
Hard Wired Nitro,Left Hand Brewing Company,"Colorado, United States",American PorterRanked #58,American Porter,Ranked #58, 6%,"90Ranked #8,946",90,"Ranked #8,946",4.04 | pDev: 9.41%,4.04,9.41%,127,488,Active,"Aug 13, 2015"
Hodad Porter,Fiddlehead Brewing Company,"Vermont, United States",American PorterRanked #21,American Porter,Ranked #21, 5.5%,"93Ranked #4,159",93,"Ranked #4,159",4.16 | pDev: 8.41%,4.16,8.41%,53,486,Active,"Apr 01, 2013"
Coal Porter,Atlantic Brewing Company - Town Hill / Mainely Meat BBQ,"Maine, United States",American PorterRanked #364,American Porter,Ranked #364, 6.5%,"84Ranked #22,674",84,"Ranked #22,674",3.73 | pDev: 12.33%,3.73,12.33%,293,475,Active,"Nov 04, 2001"
Dundee Porter,Genesee Brewing Co. / Dundee Brewing Co.,"New York, United States",American Porter,American Porter,Na, 6.5%,79,79,Na,3.45 | pDev: 15.07%,3.45,15.07%,234,467,Active,"Nov 04, 2006"
Cocoa Porter Winter Warmer,Tommyknocker Brewery,"Colorado, United States",American PorterRanked #429,American Porter,Ranked #429, 5.7%,"77Ranked #27,421",77,"Ranked #27,421",3.37 | pDev: 18.69%,3.37,18.69%,226,465,Active,"Nov 09, 2006"
Pluff Mud Porter,Holy City Brewing,"South Carolina, United States",American PorterRanked #330,American Porter,Ranked #330, 5.5%,"85Ranked #21,370",85,"Ranked #21,370",3.77 | pDev: 12.47%,3.77,12.47%,70,438,Active,"Jul 27, 2011"
Texas Ranger (Chipotle Porter),Mikkeller ApS,Denmark,American PorterRanked #54,American Porter,Ranked #54, 6.6%,"90Ranked #8,515",90,"Ranked #8,515",4.05 | pDev: 11.85%,4.05,11.85%,183,437,Active,"Jun 16, 2010"
Lucky 7 Porter,Evolution Craft Brewing Company,"Maryland, United States",American PorterRanked #392,American Porter,Ranked #392, 5.8%,"83Ranked #23,963",83,"Ranked #23,963",3.68 | pDev: 11.96%,3.68,11.96%,131,430,Active,"Apr 30, 2009"
Hershey's Chocolate Porter,Yuengling Brewery,"Pennsylvania, United States",American PorterRanked #329,American Porter,Ranked #329, 4.7%,"85Ranked #21,367",85,"Ranked #21,367",3.77 | pDev: 15.38%,3.77,15.38%,161,421,Active,"Oct 01, 2019"
Groundwork Coffee Porter,Smog City Brewing,"California, United States",American PorterRanked #22,American Porter,Ranked #22, 6%,"93Ranked #4,189",93,"Ranked #4,189",4.16 | pDev: 10.58%,4.16,10.58%,53,413,Active,"Dec 31, 2011"
Drayman's Porter,Berkshire Brewing Company,"Massachusetts, United States",American PorterRanked #173,American Porter,Ranked #173, 6.2%,"88Ranked #15,260",88,"Ranked #15,260",3.91 | pDev: 9.46%,3.91,9.46%,223,413,Active,"Dec 04, 1998"
Night Rain,O'so Brewing Company & Tap House,"Wisconsin, United States",American PorterRanked #190,American Porter,Ranked #190, 7.2%,"87Ranked #16,302",87,"Ranked #16,302",3.89 | pDev: 10.28%,3.89,10.28%,116,409,Active,"Oct 09, 2008"
Distorter,Greenbush Brewing Company,"Michigan, United States",American PorterRanked #250,American Porter,Ranked #250, 7.2%,"86Ranked #18,533",86,"Ranked #18,533",3.84 | pDev: 10.68%,3.84,10.68%,70,407,Active,"Oct 28, 2011"
Planet Porter,Boulder Beer / Wilderness Pub,"Colorado, United States",American Porter,American Porter,Na, 5.51%,78,78,Na,3.43 | pDev: 14.29%,3.43,14.29%,236,395,Active,"May 20, 2003"
"Cream & Sugar, Please",Cycle Brewing,"Florida, United States",American PorterRanked #49,American Porter,Ranked #49, 5%,"91Ranked #8,055",91,"Ranked #8,055",4.06 | pDev: 7.88%,4.06,7.88%,46,394,Active,"Dec 30, 2012"
Dark Side Vanilla Porter,Empyrean Brewing Company,"Nebraska, United States",American PorterRanked #383,American Porter,Ranked #383, 5.7%,"84Ranked #23,457",84,"Ranked #23,457",3.7 | pDev: 12.97%,3.7,12.97%,155,387,Active,"Nov 27, 2002"
Chocolate Hazelnut Porter,Heretic Brewing Company,"California, United States",American PorterRanked #174,American Porter,Ranked #174, 7%,"88Ranked #15,263",88,"Ranked #15,263",3.91 | pDev: 11%,3.91,11%,93,379,Active,"Oct 17, 2013"
Mocha Marlin,Ballast Point Brewing Company,"California, United States",American PorterRanked #47,American Porter,Ranked #47, 6%,"91Ranked #7,678",91,"Ranked #7,678",4.07 | pDev: 7.86%,4.07,7.86%,104,374,Active,"Nov 22, 2015"
Porter,Russian River Brewing Company,"California, United States",American PorterRanked #27,American Porter,Ranked #27, 5.75%,"92Ranked #4,864",92,"Ranked #4,864",4.14 | pDev: 9.66%,4.14,9.66%,88,369,Active,"Jun 14, 2004"
State Pen Porter,Santa Fe Brewing Company,"New Mexico, United States",American Porter,American Porter,Na, 6.4%,86,86,Na,3.8 | pDev: 10%,3.8,10%,142,365,Active,"Apr 14, 2007"
Pot & Kettle Oatmeal Porter with Cold Brewed Coffee,Trillium Brewing Company,"Massachusetts, United States",American Porter,American Porter,Na, 7.5%,95,95,Na,4.28 | pDev: 7.01%,4.28,7.01%,60,359,Active,"Nov 20, 2014"
NVP - Nitro Vanilla Porter,Breckenridge Brewery,"Colorado, United States",American PorterRanked #262,American Porter,Ranked #262, 5.4%,"86Ranked #18,953",86,"Ranked #18,953",3.83 | pDev: 13.58%,3.83,13.58%,64,346,Active,"Mar 12, 2014"
Arctic Rhino Coffee Porter,Midnight Sun Brewing Co.,"Alaska, United States",American Porter,American Porter,Na, 5%,84,84,Na,3.72 | pDev: 10.48%,3.72,10.48%,183,345,Active,"Apr 20, 2005"
Silk Porter,Hoppin' Frog Brewery,"Ohio, United States",American PorterRanked #249,American Porter,Ranked #249, 6.2%,"86Ranked #18,526",86,"Ranked #18,526",3.84 | pDev: 9.9%,3.84,9.9%,165,344,Active,"Dec 20, 2007"
Riverdriver Hazelnut Porter,Sea Dog Brewing Company,"Maine, United States",American Porter,American Porter,Na, 5.6%,80,80,Na,3.5 | pDev: 14.86%,3.5,14.86%,182,341,Active,"Dec 16, 2002"
Shallow Grave,Heretic Brewing Company,"California, United States",American PorterRanked #84,American Porter,Ranked #84, 7%,"89Ranked #11,314",89,"Ranked #11,314",3.99 | pDev: 9.27%,3.99,9.27%,88,331,Active,"Dec 16, 2011"
Tanilla Porter,Knee Deep Brewing Company,"California, United States",American PorterRanked #421,American Porter,Ranked #421, 6.3%,"80Ranked #26,619",80,"Ranked #26,619",3.5 | pDev: 16%,3.5,16%,76,331,Active,"Apr 20, 2011"
Washington's Porter,Alewerks Brewing Company,"Virginia, United States",American Porter,American Porter,Na, 6.35%,86,86,Na,3.83 | pDev: 11.49%,3.83,11.49%,126,303,Active,"Nov 06, 2006"
Sex Panther,SanTan Brewing Co.,"Arizona, United States",American PorterRanked #418,American Porter,Ranked #418, 6.5%,"80Ranked #26,327",80,"Ranked #26,327",3.53 | pDev: 13.88%,3.53,13.88%,57,294,Active,"Feb 05, 2011"
Early Riser Coffee Porter,Boulevard Brewing Co.,"Missouri, United States",American PorterRanked #125,American Porter,Ranked #125, 5%,"88Ranked #13,266",88,"Ranked #13,266",3.95 | pDev: 7.85%,3.95,7.85%,83,291,Active,"Oct 31, 2015"
Dunkin' Coffee Porter,Harpoon Brewery & Beer Hall,"Massachusetts, United States",American PorterRanked #345,American Porter,Ranked #345, 6%,"85Ranked #21,696",85,"Ranked #21,696",3.76 | pDev: 12.5%,3.76,12.5%,90,289,Active,"Jul 09, 2018"
Shabadoo,Berkshire Brewing Company,"Massachusetts, United States",American PorterRanked #274,American Porter,Ranked #274, 6.3%,"86Ranked #19,373",86,"Ranked #19,373",3.82 | pDev: 10.21%,3.82,10.21%,135,289,Active,"May 03, 2002"
Joe Coffee Porter,Philadelphia Brewing Company,"Pennsylvania, United States",American Porter,American Porter,Na, 5%,84,84,Na,3.7 | pDev: 15.68%,3.7,15.68%,117,285,Active,"Jan 17, 2009"
Embrr,Ithaca Beer Company,"New York, United States",American Porter,American Porter,Na, 6.6%,85,85,Na,3.77 | pDev: 8.75%,3.77,8.75%,54,279,Active,"Sep 30, 2014"
Coffee Porter,Mill Street Brew Pub,"Ontario, Canada",American Porter,American Porter,Na, 5.5%,84,84,Na,3.72 | pDev: 12.63%,3.72,12.63%,164,278,Active,"May 10, 2003"
Narragansett Porter,Narragansett Brewing Co.,"Rhode Island, United States",American PorterRanked #386,American Porter,Ranked #386, 7%,"83Ranked #23,669",83,"Ranked #23,669",3.69 | pDev: 13.28%,3.69,13.28%,134,277,Active,"Jan 01, 2007"
Porter,Eel River Brewing Co.,"California, United States",American Porter,American Porter,Na, 5.8%,81,81,Na,3.58 | pDev: 13.13%,3.58,13.13%,170,277,Active,"Jul 12, 2003"
Infusion A : Peanut Butter Chocolate Coffee Porter,Hoppin' Frog Brewery,"Ohio, United States",American PorterRanked #7,American Porter,Ranked #7, 6.2%,"94Ranked #1,997",94,"Ranked #1,997",4.26 | pDev: 7.51%,4.26,7.51%,67,275,Active,"Apr 16, 2014"
Trick Or Treat,Evil Genius Beer Company,"Pennsylvania, United States",American PorterRanked #402,American Porter,Ranked #402, 7.8%,"83Ranked #24,354",83,"Ranked #24,354",3.66 | pDev: 15.03%,3.66,15.03%,65,275,Active,"Sep 04, 2012"
Ninja Porter,Asheville Brewing Company,"North Carolina, United States",American PorterRanked #401,American Porter,Ranked #401, 5.6%,"83Ranked #24,350",83,"Ranked #24,350",3.66 | pDev: 12.02%,3.66,12.02%,80,271,Active,"Jun 19, 2007"
Black Ale,Bent Paddle Brewing Co.,"Minnesota, United States",American PorterRanked #80,American Porter,Ranked #80, 6%,"89Ranked #10,872",89,"Ranked #10,872",4 | pDev: 8%,4,8%,55,270,Active,"Jun 25, 2013"
Double Nut Brown,Mammoth Brewing Company,"California, United States",American PorterRanked #319,American Porter,Ranked #319, 5.5%,"85Ranked #20,931",85,"Ranked #20,931",3.78 | pDev: 12.43%,3.78,12.43%,72,264,Active,"Sep 03, 2004"
Koko Buni,Creature Comforts,"Georgia, United States",American PorterRanked #9,American Porter,Ranked #9, 6.8%,"94Ranked #2,335",94,"Ranked #2,335",4.24 | pDev: 7.78%,4.24,7.78%,45,261,Active,"Nov 07, 2014"
Catharsis,Tree House Brewing Company,"Massachusetts, United States",American PorterRanked #19,American Porter,Ranked #19, 7.4%,"93Ranked #3,982",93,"Ranked #3,982",4.17 | pDev: 8.87%,4.17,8.87%,58,258,Active,"Dec 28, 2017"
Graham Cracker Porter,Denver Beer Co.,"Colorado, United States",American PorterRanked #273,American Porter,Ranked #273, 5.6%,"86Ranked #19,358",86,"Ranked #19,358",3.82 | pDev: 11.26%,3.82,11.26%,54,257,Active,"Aug 13, 2011"
Pay It Forward Cocoa Porter,West Sixth Brewing Company,"Kentucky, United States",American PorterRanked #206,American Porter,Ranked #206, 6%,"87Ranked #16,687",87,"Ranked #16,687",3.88 | pDev: 10.05%,3.88,10.05%,42,256,Active,"Dec 30, 2013"
Sweet Baby Java,DuClaw Brewing Company,"Maryland, United States",American PorterRanked #165,American Porter,Ranked #165, 6.2%,"88Ranked #14,795",88,"Ranked #14,795",3.92 | pDev: 11.48%,3.92,11.48%,82,251,Active,"Mar 03, 2017"
Porter,Scuttlebutt Brewing Company - Restaurant and Pub,"Washington, United States",American Porter,American Porter,Na, 5.8%,78,78,Na,3.43 | pDev: 14.87%,3.43,14.87%,85,250,Active,"Oct 18, 2003"
Bean Porter,Night Shift Brewing,"Massachusetts, United States",American Porter,American Porter,Na, 7%,92,92,Na,4.11 | pDev: 8.76%,4.11,8.76%,23,245,Active,"Dec 05, 2013"
Tokyo Black,Yo-Ho Brewing Company,Japan,American PorterRanked #350,American Porter,Ranked #350, 5%,"85Ranked #21,973",85,"Ranked #21,973",3.75 | pDev: 12.27%,3.75,12.27%,102,243,Active,"Dec 25, 2005"
Stir Crazy,Indeed Brewing Company - Minneapolis,"Minnesota, United States",American Porter,American Porter,Na, 6.5%,87,87,Na,3.86 | pDev: 10.1%,3.86,10.1%,42,241,Active,"Nov 17, 2012"
Pappy's Porter,The Alchemist,"Vermont, United States",American Porter,American Porter,Na, 5%,91,91,Na,4.07 | pDev: 8.35%,4.07,8.35%,65,237,Active,"Jan 23, 2017"
